{
  "scenario": {
    "name": "open_retrieval_beir_format",
    "dataset": "scifact",
    "documents": 5183,
    "queries": 300,
    "split": "test",
    "top_k": 10
  },
  "embedding": {
    "kind": "hash",
    "class": "HashingTextEncoder",
    "vector_dim": 384,
    "note": "All engines receive embeddings from the same WaveMind encoder."
  },
  "results": [
    {
      "engine": "WaveMind",
      "ndcg_at_k": 0.3543131876597741,
      "recall_at_k": 0.4822222222222222,
      "mrr_at_k": 0.31723280423280426,
      "precision_at_1": 0.24,
      "avg_latency_ms": 117.02300000005077,
      "p95_latency_ms": 256.56770000023243,
      "queries": 300
    },
    {
      "engine": "Chroma",
      "ndcg_at_k": 0.34950128427474425,
      "recall_at_k": 0.4672222222222222,
      "mrr_at_k": 0.31546560846560845,
      "precision_at_1": 0.24333333333333335,
      "avg_latency_ms": 1.7941083333729086,
      "p95_latency_ms": 2.3873000009189127,
      "queries": 300
    },
    {
      "engine": "Qdrant",
      "ndcg_at_k": 0.3543131876597741,
      "recall_at_k": 0.4822222222222222,
      "mrr_at_k": 0.31723280423280426,
      "precision_at_1": 0.24,
      "avg_latency_ms": 17.71107433324384,
      "p95_latency_ms": 23.283700000320096,
      "queries": 300
    }
  ]
}
